ID,SKU,Imagem,Produto,Modelo,Categorias,Pontos,Preço,Quantidade,"Produto Destacado",Situação,Etiquetas
13,,https://s3-sa-east-1.amazonaws.com/public-http-files/UploadArquivo/Arquivos/all_in_esp_br/catalog/7754-classic-all-black-1.png,"ALL CLASSIC ALL BLACK",13,,," R$ 489,00",159,Sim,Habilitado,
14,,https://s3-sa-east-1.amazonaws.com/public-http-files/UploadArquivo/Arquivos/all_in_esp_br/catalog/LANcAMENTO-2026/6034-all-in-post-.jpg,"FOLDERS                                                                                         KIT",14,,," R$ 120,00",83,Não,Habilitado,
19,,https://s3-sa-east-1.amazonaws.com/public-http-files/UploadArquivo/Arquivos/all_in_esp_br/catalog/2792-casual-black-1.png,"CASUALL BLACK",19,,," R$ 469,00",49,Sim,Habilitado,
22,,https://s3-sa-east-1.amazonaws.com/public-http-files/UploadArquivo/Arquivos/all_in_esp_br/catalog/4569-bumper-white-1-.png,"BUMPER WHITE",22,,," R$ 499,00",139,Sim,Habilitado,
23,,https://s3-sa-east-1.amazonaws.com/public-http-files/UploadArquivo/Arquivos/all_in_esp_br/catalog/3145-bumper-black-2.png,"BUMPER BLACK",23,,," R$ 499,00",236,Sim,Habilitado,
300,,https://s3-sa-east-1.amazonaws.com/public-http-files/UploadArquivo/Arquivos/all_in_esp_br/catalog/9976-casual-grey-2.png,"CASUALL GREY",243,,," R$ 469,00",53,Sim,Habilitado,
25,,https://s3-sa-east-1.amazonaws.com/public-http-files/UploadArquivo/Arquivos/all_in_esp_br/catalog/4077-carrinho-1.png,"MALA MOSTRUARIO CARRINHO",25,,," R$ 799,00",17,Sim,Habilitado,
38,,https://s3-sa-east-1.amazonaws.com/public-http-files/UploadArquivo/Arquivos/all_in_esp_br/catalog/5118-classic-linho-1.png,"ALL CLASSIC LINHO RECICLADO",38,,," R$ 489,00",57,Sim,Habilitado,
47,,https://s3-sa-east-1.amazonaws.com/public-http-files/UploadArquivo/Arquivos/all_in_esp_br/catalog/8321-tapete-all-in.png,"TAPETE DE DEMONSTRACAO",47,,," R$ 200,00",12,Sim,Habilitado,
52,,https://s3-sa-east-1.amazonaws.com/public-http-files/UploadArquivo/Arquivos/all_in_esp_br/catalog/5503-img_4850.jpeg,"BONE ALL-IN CLARO",52,,," R$ 44,50",53,Sim,Habilitado,
53,,https://s3-sa-east-1.amazonaws.com/public-http-files/UploadArquivo/Arquivos/all_in_esp_br/catalog/6952-foto-palmilha.jpg,"PALMILHA CONFORTPLUS",53,,," R$ 69,00",274,Sim,Habilitado,
6,,https://s3-sa-east-1.amazonaws.com/public-http-files/UploadArquivo/Arquivos/all_in_esp_br/catalog/8419-branco1cortt.jpg,"ALL CLASSIC BRANCO OFF WHITE",6,,," R$ 489,00",54,Sim,Habilitado,
364,,https://s3-sa-east-1.amazonaws.com/public-http-files/UploadArquivo/Arquivos/all_in_esp_br/catalog/LANcAMENTO-2026/8833-foto-site-7.jpg,"BUMPER NUDE",675,,," R$ 499,00",127,Sim,Habilitado,
69,,https://s3-sa-east-1.amazonaws.com/public-http-files/UploadArquivo/Arquivos/all_in_esp_br/catalog/6438-classico-vermelho.jpeg,"ALL CLASSIC VERMELHO",69,,," R$ 489,00",1,Não,Habilitado,
9,,https://s3-sa-east-1.amazonaws.com/public-http-files/UploadArquivo/Arquivos/all_in_esp_br/catalog/6120-classic-preto-1.png,"ALL CLASSIC PRETO",9,,," R$ 489,00",366,Sim,Habilitado,
271,,https://s3-sa-east-1.amazonaws.com/public-http-files/UploadArquivo/Arquivos/all_in_esp_br/catalog/2127-moleskini.png,"Caderneta All-in *R$ 59,00*",agenda,,," R$ 118,00",15,Não,Habilitado,
297,,https://s3-sa-east-1.amazonaws.com/public-http-files/UploadArquivo/Arquivos/all_in_esp_br/catalog/3853-pack-sacolas-allin.jpeg,"KIT SACOLA",P.000235,,," R$ 149,00",36,Sim,Habilitado,
303,,https://s3-sa-east-1.amazonaws.com/public-http-files/UploadArquivo/Arquivos/all_in_esp_br/catalog/2127-moleskini.png,CADERNETA,P.000287,,," R$ 118,00",13,Não,Habilitado,
308,,https://s3-sa-east-1.amazonaws.com/public-http-files/UploadArquivo/Arquivos/all_in_esp_br/catalog/2342-cloud-chinelo-rose-1.png,"CHINELO CONFORTO ROSE",P.000299,,," R$ 199,00",16,Sim,Habilitado,
309,,https://s3-sa-east-1.amazonaws.com/public-http-files/UploadArquivo/Arquivos/all_in_esp_br/catalog/2559-cloud-chinelo-preto-1.png,"CHINELO CONFORTO PRETO FEM",P.000300,,," R$ 199,00",8,Sim,Habilitado,
317,,https://s3-sa-east-1.amazonaws.com/public-http-files/UploadArquivo/Arquivos/all_in_esp_br/catalog/4013-meias-brancas.png,"MEIA ALLIN EMANA BRANCA INVISIVEL",P.000338,,," R$ 99,90",95,Sim,Habilitado,
316,,https://s3-sa-east-1.amazonaws.com/public-http-files/UploadArquivo/Arquivos/all_in_esp_br/catalog/9194-meias-curtas-preta.png,"MEIA ALLIN EMANA PRETA INVISIVEL",P.000338,,," R$ 99,90",62,Sim,Habilitado,
315,,https://s3-sa-east-1.amazonaws.com/public-http-files/UploadArquivo/Arquivos/all_in_esp_br/catalog/3610-meias-brancas-alta.png,"MEIA ALLIN EMANA BRANCA CANO CURTO",P.000338,,," R$ 129,00",51,Sim,Habilitado,
314,,https://s3-sa-east-1.amazonaws.com/public-http-files/UploadArquivo/Arquivos/all_in_esp_br/catalog/2216-meias-preta.png,"MEIA ALLIN EMANA PRETA CANO CURTO",P.000338,,," R$ 129,00",43,Sim,Habilitado,
323,,https://s3-sa-east-1.amazonaws.com/public-http-files/UploadArquivo/Arquivos/all_in_esp_br/catalog/5793-imagem-do-whatsapp-de-2024-09-02-as-15.11.05_49216b9a.jpg,"MANTA ATIVA SOLTEIRO",P.000363,,," R$ 438,00",32,Sim,Habilitado,
324,,https://s3-sa-east-1.amazonaws.com/public-http-files/UploadArquivo/Arquivos/all_in_esp_br/catalog/5793-imagem-do-whatsapp-de-2024-09-02-as-15.11.05_49216b9a.jpg,"MANTA ATIVA CASAL",P.000364,,," R$ 590,00",38,Sim,Habilitado,
325,,https://s3-sa-east-1.amazonaws.com/public-http-files/UploadArquivo/Arquivos/all_in_esp_br/catalog/5793-imagem-do-whatsapp-de-2024-09-02-as-15.11.05_49216b9a.jpg,"MANTA ATIVA QUEEN",P.000365,,," R$ 678,00",19,Sim,Habilitado,
326,,https://s3-sa-east-1.amazonaws.com/public-http-files/UploadArquivo/Arquivos/all_in_esp_br/catalog/5793-imagem-do-whatsapp-de-2024-09-02-as-15.11.05_49216b9a.jpg,"MANTA ATIVA KING",P.000366,,," R$ 766,00",22,Sim,Habilitado,
327,,https://s3-sa-east-1.amazonaws.com/public-http-files/UploadArquivo/Arquivos/all_in_esp_br/catalog/9311-legging-emana-1.png,"LEGGING EMANA P",P.000367,,," R$ 349,00",0,Sim,Habilitado,
328,,https://s3-sa-east-1.amazonaws.com/public-http-files/UploadArquivo/Arquivos/all_in_esp_br/catalog/9297-legging-emana-3.png,"LEGGING EMANA M",P.000368,,," R$ 349,00",1,Sim,Habilitado,
329,,https://s3-sa-east-1.amazonaws.com/public-http-files/UploadArquivo/Arquivos/all_in_esp_br/catalog/6027-imagem-do-whatsapp-de-2024-09-23-as-15.19.17_74f0e5c7.jpg,"LEGGING EMANA G",P.000369,,," R$ 349,00",0,Sim,Habilitado,
330,,https://s3-sa-east-1.amazonaws.com/public-http-files/UploadArquivo/Arquivos/all_in_esp_br/catalog/6027-imagem-do-whatsapp-de-2024-09-23-as-15.19.17_74f0e5c7.jpg,"LEGGING EMANA GG",P.000370,,," R$ 349,00",0,Não,Desabilitado,
331,,https://s3-sa-east-1.amazonaws.com/public-http-files/UploadArquivo/Arquivos/all_in_esp_br/catalog/4418-calca-skinny-emana-1.png,"CALÇA SKINNY EMANA P",P.000371,,," R$ 459,00",15,Sim,Habilitado,
332,,https://s3-sa-east-1.amazonaws.com/public-http-files/UploadArquivo/Arquivos/all_in_esp_br/catalog/4579-calca-skinny-emana-3.png,"CALÇA SKINNY EMANA M",P.000372,,," R$ 459,00",11,Sim,Habilitado,
333,,https://s3-sa-east-1.amazonaws.com/public-http-files/UploadArquivo/Arquivos/all_in_esp_br/catalog/5724-calca-skinny-emana-2.png,"CALÇA SKINNY EMANA G",P.000373,,," R$ 459,00",2,Sim,Habilitado,
334,,https://s3-sa-east-1.amazonaws.com/public-http-files/UploadArquivo/Arquivos/all_in_esp_br/catalog/3951-calca.jpg,"CALÇA SKINNY EMANA GG",P.000374,,," R$ 459,00",0,Sim,Habilitado,
335,,https://s3-sa-east-1.amazonaws.com/public-http-files/UploadArquivo/Arquivos/all_in_esp_br/catalog/8432-sport-balance-preto-1.png,"SPORT BALANCE PRETO",P.000375,,," R$ 519,00",79,Sim,Habilitado,
336,,https://s3-sa-east-1.amazonaws.com/public-http-files/UploadArquivo/Arquivos/all_in_esp_br/catalog/1404-sport-balance-nude-1.png,"SPORT BALANCE NUDE",P.000376,,," R$ 519,00",49,Sim,Habilitado,
337,,https://s3-sa-east-1.amazonaws.com/public-http-files/UploadArquivo/Arquivos/all_in_esp_br/catalog/1427-brancaa.jpg,"FAIXA DE CABEÇA BRANCA",P.000377,,," R$ 59,99",26,Sim,Habilitado,
338,,https://s3-sa-east-1.amazonaws.com/public-http-files/UploadArquivo/Arquivos/all_in_esp_br/catalog/2282-pretaa.jpg,"FAIXA DE CABEÇA PRETA",P.000378,,," R$ 59,99",15,Sim,Habilitado,
339,,https://s3-sa-east-1.amazonaws.com/public-http-files/UploadArquivo/Arquivos/all_in_esp_br/catalog/8440-begee.jpg,"FAIXA DE CABEÇA BEGE",P.000379,,," R$ 59,99",55,Sim,Habilitado,
341,,https://s3-sa-east-1.amazonaws.com/public-http-files/UploadArquivo/Arquivos/all_in_esp_br/catalog/6742-cloud-tiras-preto-1.png,"CLOUD TIRAS PRETO FEMININO",P.000411,,," R$ 199,00",94,Sim,Habilitado,
348,,https://s3-sa-east-1.amazonaws.com/public-http-files/UploadArquivo/Arquivos/all_in_esp_br/catalog/6977-nude-reto.png,"BASIC NUDE",P.000465,,," R$ 399,00",0,Sim,Desabilitado,
349,,https://s3-sa-east-1.amazonaws.com/public-http-files/UploadArquivo/Arquivos/all_in_esp_br/catalog/3966-basic-preto01.png,"BASIC PRETO",P.000466,,," R$ 399,00",6,Sim,Habilitado,
350,,https://s3-sa-east-1.amazonaws.com/public-http-files/UploadArquivo/Arquivos/all_in_esp_br/catalog/1176-balance-novo-black.png,"SPORT BALANCE BLACK",P.000494,,," R$ 519,00",0,Não,Desabilitado,
351,,https://s3-sa-east-1.amazonaws.com/public-http-files/UploadArquivo/Arquivos/all_in_esp_br/catalog/2173-balance-laranja-2.png,"SPORT BALANCE LARANJA",P.000495,,," R$ 519,00",118,Sim,Habilitado,
354,,https://s3-sa-east-1.amazonaws.com/public-http-files/UploadArquivo/Arquivos/all_in_esp_br/catalog/4999-caaa.jpeg,"CASUALL ULTRA BLACK",P.000584,,," R$ 499,00",114,Sim,Habilitado,
357,,https://s3-sa-east-1.amazonaws.com/public-http-files/UploadArquivo/Arquivos/all_in_esp_br/catalog/1911-essence-01-1.jpg,"ALL ESSENCE PRETO",P.000597,,," R$ 499,00",28,Sim,Habilitado,
360,,https://s3-sa-east-1.amazonaws.com/public-http-files/UploadArquivo/Arquivos/all_in_esp_br/catalog/NEW-CLASSIC/7470-cinza-3.png,"NEW CLASSIC  LAMINADO",P.000609,,," R$ 489,00",146,Sim,Habilitado,
358,,https://s3-sa-east-1.amazonaws.com/public-http-files/UploadArquivo/Arquivos/all_in_esp_br/catalog/NEW-CLASSIC/2438-areia-1.png,"NEW CLASSIC  AREIA",P.000610,,," R$ 489,00",34,Sim,Habilitado,
359,,https://s3-sa-east-1.amazonaws.com/public-http-files/UploadArquivo/Arquivos/all_in_esp_br/catalog/NEW-CLASSIC/8972-brisa-3.png,"NEW CLASSIC BRISA",P.000611,,," R$ 489,00",30,Sim,Habilitado,
355,,https://s3-sa-east-1.amazonaws.com/public-http-files/UploadArquivo/Arquivos/all_in_esp_br/catalog/3610-meias-brancas-alta.png,"MEIA CANO LONGO COMPRESSAO FIO EMANA - ALL IN  BRANCO",P.000618,,," R$ 129,00",0,Sim,Desabilitado,
356,,https://s3-sa-east-1.amazonaws.com/public-http-files/UploadArquivo/Arquivos/all_in_esp_br/catalog/2216-meias-preta.png,"MEIA CANO LONGO COMPRESSAO FIO EMANA - ALL IN PRETO / 3843",P.000619,,," R$ 129,00",0,Não,Desabilitado,
362,,https://s3-sa-east-1.amazonaws.com/public-http-files/UploadArquivo/Arquivos/all_in_esp_br/catalog/LANcAMENTO-2026/9226-foto-site-1.jpg,"SPORT BALANCE NEON",P.000630,,," R$ 519,00",73,Sim,Habilitado,
361,,https://s3-sa-east-1.amazonaws.com/public-http-files/UploadArquivo/Arquivos/all_in_esp_br/catalog/Tenis-Masculinos/4976-foto-site-1.png,"CLOUD CHINELO BRANCO OFF FEMININO	",P.000657,,," R$ 199,00",81,Sim,Habilitado,
365,,https://s3-sa-east-1.amazonaws.com/public-http-files/UploadArquivo/Arquivos/all_in_esp_br/catalog/LANcAMENTO-2026/1614-foto-site-8.jpg,"CLASSIC NUDE",P.000692,,," R$ 489,00",135,Sim,Habilitado,
366,,https://s3-sa-east-1.amazonaws.com/public-http-files/UploadArquivo/Arquivos/all_in_esp_br/catalog/LANcAMENTO-2026/5385-classic-cafe.jpg,"PRÉ VENDA - ALL CLASSIC CAFÉ",P.000694,,," R$ 489,00",304,Não,Habilitado,
367,,https://s3-sa-east-1.amazonaws.com/public-http-files/UploadArquivo/Arquivos/all_in_esp_br/catalog/LANcAMENTO-2026/4062-classic-verde-militar.jpg,"PRÉ VENDA - ALL CLASSIC VERDE MILITAR",P.000758,,," R$ 489,00",321,Não,Habilitado,
